{"polyfill":["/polyfill-125196fe46e169133e46.js"],"app":["/app-a46ca05b08f8e555eb4c.js"],"component---cache-caches-gatsby-plugin-offline-app-shell-js":["/component---cache-caches-gatsby-plugin-offline-app-shell-js-ceaecea2b5f7267fd251.js"],"component---src-pages-404-js":["/component---src-pages-404-js-588119b26466099b124a.js"],"component---src-pages-[uname]-js":["/component---src-pages-[uname]-js-dc992d5dd21c8515105e.js"],"component---src-pages-active-account-js":["/component---src-pages-active-account-js-66c9d4c3fada4f2b4488.js"],"component---src-pages-detail-[id]-js":["/component---src-pages-detail-[id]-js-b2394818a37139de356f.js"],"component---src-pages-detail-reviews-[id]-js":["/component---src-pages-detail-reviews-[id]-js-cc6a76d42cfe0251d5e7.js"],"component---src-pages-discover-index-js":["/component---src-pages-discover-index-js-8026b3409a22bcd16df9.js"],"component---src-pages-fan-setting-js":["/component---src-pages-fan-setting-js-259fbee7336bc1abfeea.js"],"component---src-pages-home-js":["/component---src-pages-home-js-7a48e6808c6f2fd8437b.js"],"component---src-pages-index-js":["/component---src-pages-index-js-4efc0a090569f70b5041.js"],"component---src-pages-login-email-js":["/component---src-pages-login-email-js-f67753ca25089a491336.js"],"component---src-pages-login-js":["/component---src-pages-login-js-7599a371fb9302559521.js"],"component---src-pages-me-account-setting-index-js":["/component---src-pages-me-account-setting-index-js-dcea7d96398a2d8bc0ca.js"],"component---src-pages-me-discover-options-index-js":["/component---src-pages-me-discover-options-index-js-613090c4f44b9af9a583.js"],"component---src-pages-me-edit-profile-index-js":["/component---src-pages-me-edit-profile-index-js-717fe73d292c42dfa92d.js"],"component---src-pages-me-insights-index-js":["/component---src-pages-me-insights-index-js-bd90aa51bdc030c29f1d.js"],"component---src-pages-me-payments-index-js":["/component---src-pages-me-payments-index-js-a35d2cf3643f866c292f.js"],"component---src-pages-me-promote-index-js":["/component---src-pages-me-promote-index-js-e17a29a2522d9fd8870c.js"],"component---src-pages-me-search-filter-index-js":["/component---src-pages-me-search-filter-index-js-7f584fd0d2d901388b16.js"],"component---src-pages-privacy-js":["/component---src-pages-privacy-js-354cac68e78e9dce017e.js"],"component---src-pages-profile-[uname]-js":["/component---src-pages-profile-[uname]-js-a7934317923cbfd58d95.js"],"component---src-pages-profile-create-js":["/component---src-pages-profile-create-js-06451594717aa2c9fa58.js"],"component---src-pages-profile-js":["/component---src-pages-profile-js-16c53066d1457ba20162.js"],"component---src-pages-search-index-js":["/component---src-pages-search-index-js-a97f5bf9ab5d0b569221.js"],"component---src-pages-setting-js":["/component---src-pages-setting-js-55d6bc94626650c2d6fa.js"],"component---src-pages-signuprole-js":["/component---src-pages-signuprole-js-55f7e40fd693ec044d28.js"],"component---src-pages-terms-js":["/component---src-pages-terms-js-9e3dce284016969486ad.js"]}